name,price
Акустическая гитара Foix FFG-1038BK,3 180 р.
Акустическая гитара Foix FFG-1038SB,3 180 р.
Акустическая гитара HOMAGE LF-3800CT-SB,4 310 р.
Акустическая гитара HOMAGE LF-3800CT-N,4 310 р.
Акустическая гитара Foix FFG-1039BK,4 540 р.
"Акустическая гитара Foix FFG-1039SB, санберст, с вырезом",4 540 р.
Акустическая гитара Foix FFG-3039-SB,4 740 р.
Акустическая гитара Foix FFG-3039-BK,4 740 р.
Акустическая гитара Foix FFG-3039-NAT,4 740 р.
Акустическая гитара HOMAGE LF-3900,4 920 р.
Акустическая гитара Foix FFG-2039C-SB,4 980 р.
Акустическая гитара Foix FFG-2039C-BK,4 980 р.
Акустическая гитара Foix FFG-2039C-NA,4 980 р.
Акустическая гитара HOMAGE LF-4000,5 090 р.
Акустическая гитара HOMAGE LF-3910,5 120 р.
Акустическая гитара Foix FFG-1040SB,5 350 р.
Акустическая гитара Foix FFG-2040C-NA,5 490 р.
Акустическая гитара Foix FFG-1041NA,5 510 р.
Акустическая гитара HOMAGE LF-4100,5 680 р.
Акустическая гитара Foix FFG-2041C-SB,5 730 р.
Акустическая гитара Foix FFG-2041C-BK,5 730 р.
Акустическая гитара Foix FFG-2041C-NA,5 730 р.
Акустическая гитара Foix FFG-2040C-SB,5 730 р.
Акустическая гитара Foix FFG-2040C-BK,5 730 р.
Акустическая гитара Foix FFG-1041MH,5 840 р.
Акустическая гитара HOMAGE LF-4110-SB,6 160 р.
Акустическая гитара HOMAGE LF-4110-N,6 160 р.
Акустическая гитара Caraya C901T-BS,6 180 р.
Акустическая гитара Caraya C901T-BK,6 180 р.
Акустическая гитара HOMAGE LF-4111-R,6 240 р.
Акустическая гитара HOMAGE LF-4111-B,6 240 р.
Акустическая гитара HOMAGE LF-4111-N,6 240 р.
Акустическая гитара HOMAGE LF-4110T,6 280 р.
Акустическая гитара HOMAGE LF-401C-N,6 330 р.
"Гитара акустическая Mirra WM-3411-BK, черная",6 480 р.
Акустическая гитара HOMAGE LF-401C-R,6 530 р.
Акустическая гитара HOMAGE LF-401C-B,6 530 р.
Акустическая гитара Амистар M-213-BK,6 640 р.
Акустическая гитара Амистар M-313-BK,6 640 р.
Акустическая гитара Амистар M-313-GR,6 640 р.
Акустическая гитара Амистар M-313-RD,6 640 р.
Акустическая гитара Амистар M-313-BL,6 640 р.
Акустическая гитара Амистар M-213-GR,6 640 р.
Акустическая гитара Амистар M-213-RD,6 640 р.
Акустическая гитара Амистар M-213-BL,6 640 р.
Акустическая гитара Caraya C931-BK,6 670 р.
Гитара акустическая Амистар M-61-N,6 720 р.
Акустическая гитара Амистар M-32-MH,6 720 р.
Акустическая гитара Амистар M-51-MH,6 720 р.
Акустическая гитара Амистар M-51-SB,6 720 р.
Акустическая гитара Амистар M-61-MH,6 720 р.
Акустическая гитара Амистар M-32,6 720 р.
Акустическая гитара Амистар M-61-SB,6 720 р.
Акустическая гитара Амистар M-51,6 720 р.
Акустическая гитара Caraya F521-N,6 760 р.
Акустическая гитара Homage RA-A05-NL,6 800 р.
Акустическая гитара Caraya F511-BS,6 960 р.
Акустическая гитара HOMAGE LF-4121,7 080 р.
Акустическая гитара HOMAGE LF-4021,7 080 р.
Акустическая гитара Caraya F640-N,7 090 р.
Акустическая гитара Caraya F630-RDS,7 260 р.
Акустическая гитара Caraya F630-N,7 260 р.
"Акустическая гитара Homage LF-4121C-SB, санберст, с вырезом",7 270 р.
Акустическая гитара HOMAGE LF-4121C,7 270 р.
Акустическая гитара Caraya F641,7 330 р.
Акустическая гитара HOMAGE RA-A01C-NL,7 340 р.
Гитара акустическая Foix ZD-83CM-NA,7 550 р.
Гитара акустическая Foix ZA-83CM-NA,7 550 р.
Гитара акустическая Foix ZSG-83M-NA,7 550 р.
Гитара акустическая Mirra WM-4115,7 570 р.
Гитара акустическая Mirra WM-C4115-NR,7 620 р.
"Гитара акустическая Mirra WM-C4115-SB, санберст",7 620 р.
Акустическая гитара Presto GF-BN20,7 730 р.
Акустическая гитара Caraya F531-BS,7 850 р.
Акустическая гитара HOMAGE LF-4123,7 900 р.
Акустическая гитара Homage RA-C07-NL,8 520 р.
Акустическая гитара Caraya F650-N,9 500 р.
Акустическая гитара HOMAGE RA-C02C-NL,9 630 р.
Акустическая гитара Caraya F650C-N,9 710 р.
Акустическая гитара Caraya F668C-N,9 800 р.
"Акустическая гитара HOMAGE LF-4128, 12-ти струнная",9 930 р.
Акустическая гитара HOMAGE RA-C03C-NL,10 030 р.
Акустическая гитара Ramis RA-G01C,10 060 р.
Акустическая гитара Caraya F673-WA,10 110 р.
Акустическая гитара Cort AD810-BKS Standard Series,10 200 р.
Акустическая гитара Cort AD810-OP Standard Series,10 200 р.
Акустическая гитара Caraya F666,10 580 р.
Акустическая гитара Caraya F565C,11 110 р.
Акустическая гитара Cort AD810-LH-OP Standard Series леворукая,12 360 р.
"Акустическая гитара Caraya F66012, 12-струнная",12 420 р.
Акустическая гитара Ramis RA-G02C,12 620 р.
Акустическая гитара Parkwood PF51M-OP,12 830 р.
Акустическая гитара Parkwood PF51-OP,12 830 р.
Акустическая гитара Parkwood W81-OP,12 830 р.
"Акустическая гитара 3/4 Cort AD-mini-OP Standard Series, с чехлом",13 160 р.
"Акустическая гитара Cort JADE1-OP Jade Series, с вырезом",13 260 р.
Акустическая гитара Caraya SP50-C,13 560 р.
Акустическая гитара Parkwood PF51-BKS,13 690 р.
Акустическая гитара Parkwood W81-BKS,13 690 р.
Акустическая гитара 3/4 Cort AD-mini-M-OP Standard Series,13 820 р.
PRIMA DSAG205 акустическая гитара,14 390 р.
"Акустическая гитара Parkwood W81-12-OP, 12-струнная",14 540 р.
Акустическая гитара Cort EARTH-MINI-OP Earth Series 3/4,15 050 р.
"Акустическая гитара Cort CAP-810-OP Trailblazer, комплект",16 140 р.
Акустическая гитара Cort Earth50-OP Earth Series 7/8,16 670 р.
Акустическая гитара MiLena-Music ML-Fingerstyle,17 600 р.
Акустическая гитара MiLena-Music ML-F3-BK,18 340 р.
Акустическая гитара Cort EARTH70-OP Earth Series,19 820 р.
Акустическая гитара MiLena-Music ML-DT-N,19 910 р.
Акустическая гитара MiLena-Music ML-A4pro,20 020 р.
"Акустическая гитара Doff RG “Russian Guitar”, 7-ми струнная",20 300 р.
Акустическая гитара Cort EARTH-Bevel-OP Earth Series,20 820 р.
Акустическая гитара Cort EARTH70-BR Earth Series,21 180 р.
Акустическая гитара MiLena-Music ML-F3-NUT,21 240 р.
Акустическая гитара Parkwood S-Mini,21 250 р.
Акустическая гитара Prodipe JMFSD25 EA SD25,21 370 р.
Акустическая гитара Cort EARTH100-NS Earth Series,22 080 р.
Акустическая гитара Prodipe JMFSA25 EA SA25 аудиториум,22 150 р.
"Гитара акустическая Doff RGP, 7-струнная",22 560 р.
Акустическая гитара Tokai Cats Eyes CE25T-N,"22 950 р.
									18 360 р."
Акустическая гитара Cort EARTH100-NAT Earth Series,23 430 р.
Гитара акустическая Doff D017A,23 840 р.
"Гитара акустическая Doff D011-7, семиструнная",28 130 р.
"Гитара акустическая Doff RGS, 7-струнная",28 220 р.
Акустическая гитара VGS RT-1 Root VG500.294,"31 440 р.
									28 300 р."
Акустическая гитара VGS RT-10 Root VG500.301,"33 250 р.
									29 930 р."
Акустическая гитара Doff D016A,33 810 р.
Гитара акустическая Doff D022,36 230 р.
Акустическая гитара EXCALIBUR CF-5400FM,40 800 р.
Акустическая гитара Doff D021,41 040 р.
Акустическая гитара Parkwood P630-NAT,48 310 р.
Акустическая гитара Parkwood P620,48 310 р.
Акустическая гитара Prodipe JMFSD50S,49 190 р.
Акустическая гитара Prodipe JMFSGA200 Kopo Series SGA200,55 510 р.
Акустическая гитара Prodipe JMFSD200 Kopo Series SD200,57 520 р.
Акустическая гитара VGS GB-12 Grand Bayou Natural Satin Open Pore,"57 620 р.
									51 860 р."
"Gold-O8-LB Gold Series Акустическая гитара, Cort",60 430 р.
Акустическая гитара Cort Gold-D8-NAT Gold Series,63 970 р.
Акустическая гитара Cort Gold-O8-NAT Gold Series,63 970 р.
Акустическая гитара Cort Gold-D8-LB Gold Series,63 970 р.
Акустическая гитара VGS BR-10 Belle Rose Natural Gloss / Satin Neck VG501.800,"78 530 р.
									62 820 р."
Акустическая гитара Parkwood P820ADK-NAT,87 960 р.
