name,price,link
кружка LEFARD Funny friends Мое сердце 480мл фарфор,740,https://www.maxidom.ru/catalog/kruzhki/1001425208/
кружка WALMER Tracy 380мл керамика бежевая,455,https://www.maxidom.ru/catalog/kruzhki/1001423715/
кружка ATMOSPHERE Лондон 450мл фарфор,454,https://www.maxidom.ru/catalog/kruzhki/1000976066/
кружка ATMOSPHERE Black & White 350мл керамика микс дизайна,272,https://www.maxidom.ru/catalog/kruzhki/1001424220/
кружка LEFARD Блоссом 400мл фарфор,590,https://www.maxidom.ru/catalog/kruzhki/1001309089/
кружка LEFARD Стрекоза 400мл фарфор,590,https://www.maxidom.ru/catalog/kruzhki/1001309093/
кружка LEFARD Funny friends Скучно 480мл фарфор,740,https://www.maxidom.ru/catalog/kruzhki/1001425207/
кружка LEFARD Времена года фиолетовая 300мл фарфор,690,https://www.maxidom.ru/catalog/kruzhki/1001425213/
кружка LEFARD Времена года розовая 300мл фарфор,690,https://www.maxidom.ru/catalog/kruzhki/1001425215/
кружка LEFARD Времена года мятная 300мл фарфор,690,https://www.maxidom.ru/catalog/kruzhki/1001425214/
кружка WALMER Tracy 380мл керамика белая,455,https://www.maxidom.ru/catalog/kruzhki/1001423710/
кружка WALMER Tracy 380мл керамика бежевая,455,https://www.maxidom.ru/catalog/kruzhki/1001423715/
кружка WALMER Tracy 380мл керамика белая,455,https://www.maxidom.ru/catalog/kruzhki/1001423710/
кружка ФЕДЕРАЦИЯ Зебра 430мл фарфор,219,https://www.maxidom.ru/catalog/kruzhki/1001422017/
кружка Jasper 400мл фарфор,409,https://www.maxidom.ru/catalog/kruzhki/1001420075/
кружка Goose 420мл фарфор,529,https://www.maxidom.ru/catalog/kruzhki/1001420080/
кружка MOST Puzle 400мл фарфор под.уп.,659,https://www.maxidom.ru/catalog/kruzhki/1001420394/
кружка MOST B&W 350мл фарфор микс дизайна,205,https://www.maxidom.ru/catalog/kruzhki/1001420738/
кружка NUOVA CASA Elite pink 350мл фарфор,299,https://www.maxidom.ru/catalog/kruzhki/1001325950/
кружка ФЕДЕРАЦИЯ Жираф 430мл фарфор,219,https://www.maxidom.ru/catalog/kruzhki/1001422016/
кружка LEFARD Лесная сказка Сова 450мл фарфор,750,https://www.maxidom.ru/catalog/kruzhki/1001422054/
кружка LEFARD Прованс лимоны 350мл фарфор,630,https://www.maxidom.ru/catalog/kruzhki/1001422084/
кружка LEFARD Лесная сказка Белка 450мл фарфор,750,https://www.maxidom.ru/catalog/kruzhki/1001422056/
кружка LEFARD Времена года серая 300мл фарфор,690,https://www.maxidom.ru/catalog/kruzhki/1001425212/
кружка LEFARD Времена года фиолетовая 300мл фарфор,690,https://www.maxidom.ru/catalog/kruzhki/1001425213/
кружка LEFARD Времена года мятная 300мл фарфор,690,https://www.maxidom.ru/catalog/kruzhki/1001425214/
кружка LEFARD Cмайл 380мл фарфор,350,https://www.maxidom.ru/catalog/kruzhki/1001426362/
кружка Summertime 380мл фарфор,249,https://www.maxidom.ru/catalog/kruzhki/1001426088/
кружка I love coffee 370мл фарфор микс цвета,249,https://www.maxidom.ru/catalog/kruzhki/1001426089/
кружка LEFARD Cчастье есть Жизнь прекрасна 300мл фарфор,630,https://www.maxidom.ru/catalog/kruzhki/1001426111/
"кружка, 1000 мл, сталь",350,https://www.maxidom.ru/catalog/kruzhki/1001199918/
кружка LEFARD Кот 350мл фарфор,499,https://www.maxidom.ru/catalog/kruzhki/1001426357/
кружка LEFARD Cмайл-1 380мл фарфор,350,https://www.maxidom.ru/catalog/kruzhki/1001426361/
кружка LEFARD Empathy 400мл фарфор,499,https://www.maxidom.ru/catalog/kruzhki/1001426372/
"кружка LEFARD Поцелуй (Г. Климт) черный 400мл с ситечком стекло, фарфор",830,https://www.maxidom.ru/catalog/kruzhki/1001426619/
"кружка, 1000 мл, сталь",350,https://www.maxidom.ru/catalog/kruzhki/1001199918/
кружка LEFARD Cчастье есть Жизнь прекрасна 300мл фарфор,630,https://www.maxidom.ru/catalog/kruzhki/1001426111/
кружка I love coffee 370мл фарфор микс цвета,249,https://www.maxidom.ru/catalog/kruzhki/1001426089/
кружка Summertime 380мл фарфор,249,https://www.maxidom.ru/catalog/kruzhki/1001426088/
кружка LEFARD Дарья 350мл фарфор,339,https://www.maxidom.ru/catalog/kruzhki/1001425554/
кружка LEFARD Стрекоза 470мл фарфор,750,https://www.maxidom.ru/catalog/kruzhki/1001425216/
кружка LEFARD Блоссом 470мл фарфор,750,https://www.maxidom.ru/catalog/kruzhki/1001425217/
кружка LEFARD Летний вечер 470мл фарфор,750,https://www.maxidom.ru/catalog/kruzhki/1001425218/
"кружка FIORETTA Golden Queen, 380 мл, фарфор",279,https://www.maxidom.ru/catalog/kruzhki/1001255187/
кружка Зара 450мл фарфор,379,https://www.maxidom.ru/catalog/kruzhki/1001425516/
кружка LEFARD Влюбленные под зонтом 340мл фарфор,299,https://www.maxidom.ru/catalog/kruzhki/1001425582/
кружка LEFARD Две половинки 320мл фарфор,399,https://www.maxidom.ru/catalog/kruzhki/1001425584/
кружка MOST B&W 350мл фарфор микс дизайна,205,https://www.maxidom.ru/catalog/kruzhki/1001420738/
кружка MOST Puzle 400мл фарфор под.уп.,659,https://www.maxidom.ru/catalog/kruzhki/1001420394/
кружка Goose 420мл фарфор,529,https://www.maxidom.ru/catalog/kruzhki/1001420080/
кружка Jasper 400мл фарфор,409,https://www.maxidom.ru/catalog/kruzhki/1001420075/
кружка LUMINARC Нордик созвездия лондон топаз 380мл стекло,289,https://www.maxidom.ru/catalog/kruzhki/1001416357/
кружка QUINSBERRY Челси Мышата 500мл фарфор,749,https://www.maxidom.ru/catalog/kruzhki/1001415302/
кружка Ежик в тумане 420мл фарфор под.уп.,499,https://www.maxidom.ru/catalog/kruzhki/1001381787/
кружка APOLLO Terrazzo 390мл фарфор серо-песочный,265,https://www.maxidom.ru/catalog/kruzhki/1001415734/
кружка APOLLO Eclipse 410мл фарфор,265,https://www.maxidom.ru/catalog/kruzhki/1001415746/
кружка APOLLO Terrazzo 390мл фарфор серо-бирюзовый,265,https://www.maxidom.ru/catalog/kruzhki/1001415748/
кружка LEFARD Лучшие друзья 350мл на колесиках фарфор микс дизайна,940,https://www.maxidom.ru/catalog/kruzhki/1001415870/
кружка OSZ Венеция 280мл стекло,95,https://www.maxidom.ru/catalog/kruzhki/1001280904/
кружка APOLLO Terrazzo 390мл фарфор серо-бирюзовый,265,https://www.maxidom.ru/catalog/kruzhki/1001415748/
кружка APOLLO Eclipse 410мл фарфор,265,https://www.maxidom.ru/catalog/kruzhki/1001415746/
кружка APOLLO Terrazzo 390мл фарфор серо-песочный,265,https://www.maxidom.ru/catalog/kruzhki/1001415734/
кружка Ежик в тумане 420мл фарфор под.уп.,499,https://www.maxidom.ru/catalog/kruzhki/1001381787/
кружка QUINSBERRY Челси Мышата 500мл фарфор,749,https://www.maxidom.ru/catalog/kruzhki/1001415302/
кружка Жизнь кошек 240мл фарфор,389,https://www.maxidom.ru/catalog/kruzhki/1001409403/
бокал BRIVERRE Skull 214мл двойная стенка термостекло,479,https://www.maxidom.ru/catalog/kruzhki/1001388437/
кружка PASABAHCE Safir 295мл стекло,131,https://www.maxidom.ru/catalog/kruzhki/1001407671/
кружка APOLLO Kitten 380мл фарфор,249,https://www.maxidom.ru/catalog/kruzhki/1001407939/
кружка APOLLO Genio Poli 485мл фарфор микс дизайна,349,https://www.maxidom.ru/catalog/kruzhki/1001407940/
кружка Айсберг волны 350мл фарфор,389,https://www.maxidom.ru/catalog/kruzhki/1001409400/
кружка BRONCO Midnight 330мл фарфор,690,https://www.maxidom.ru/catalog/kruzhki/1001411403/
кружка LUMINARC Нордик созвездия 380мл стекло,239,https://www.maxidom.ru/catalog/kruzhki/1001416358/
кружка OSZ Глинтвейн лак 200мл стекло микс цвета,169,https://www.maxidom.ru/catalog/kruzhki/1001416359/
кружка OSZ Венеция 280мл стекло,95,https://www.maxidom.ru/catalog/kruzhki/1001280904/
кружка WALMER Puppy 350мл фарфор,1 069,https://www.maxidom.ru/catalog/kruzhki/1001416655/
кружка ДОБРУШ Тигр 400мл фарфор,239,https://www.maxidom.ru/catalog/kruzhki/1001416705/
кружка LEFARD Котомания 360мл фарфор серая,420,https://www.maxidom.ru/catalog/kruzhki/1001418033/
кружка APOLLO You can 525мл каменная керамика,379,https://www.maxidom.ru/catalog/kruzhki/1001378491/
кружка APOLLO You can 335мл каменная керамика,289,https://www.maxidom.ru/catalog/kruzhki/1001378490/
"кружка OSZ XXXL, 400 мл, стекло",119,https://www.maxidom.ru/catalog/kruzhki/1001253729/
кружка MOST Mooncat 90мл фарфор,169,https://www.maxidom.ru/catalog/kruzhki/1001419394/
кружка LEFARD Котомания 360мл фарфор,420,https://www.maxidom.ru/catalog/kruzhki/1001418031/
кружка LEFARD Majesty красная 350мл фарфор,580,https://www.maxidom.ru/catalog/kruzhki/1001418020/
кружка APOLLO You can 525мл каменная керамика,379,https://www.maxidom.ru/catalog/kruzhki/1001378491/
кружка APOLLO You can 335мл каменная керамика,289,https://www.maxidom.ru/catalog/kruzhki/1001378490/
"кружка OSZ XXXL, 400 мл, стекло",119,https://www.maxidom.ru/catalog/kruzhki/1001253729/
кружка LEFARD Котомания 360мл фарфор серая,420,https://www.maxidom.ru/catalog/kruzhki/1001418033/
кружка LEFARD Котомания 360мл фарфор,420,https://www.maxidom.ru/catalog/kruzhki/1001418031/
кружка LEFARD Majesty красная 350мл фарфор,580,https://www.maxidom.ru/catalog/kruzhki/1001418020/
кружка WALMER Tiger 480мл двойная стенка термостекло,999,https://www.maxidom.ru/catalog/kruzhki/1001416653/
кружка FIORETTA Wood Blue 360мл керамика,199,https://www.maxidom.ru/catalog/kruzhki/1001311553/
кружка WALMER Lion 480мл двойная стенка термостекло,999,https://www.maxidom.ru/catalog/kruzhki/1001416654/
кружка FIORETTA Wood Orange 360мл керамика,199,https://www.maxidom.ru/catalog/kruzhki/1001311554/
кружка WALMER Wolf 480мл двойная стенка термостекло,999,https://www.maxidom.ru/catalog/kruzhki/1001416652/
кружка ФЕДЕРАЦИЯ Silver Tiger 450мл фарфор,329,https://www.maxidom.ru/catalog/kruzhki/1001416714/
кружка LEFARD Cмайл 380мл фарфор,350,https://www.maxidom.ru/catalog/kruzhki/1001426362/
кружка LEFARD Patience 400мл фарфор,499,https://www.maxidom.ru/catalog/kruzhki/1001426369/
кружка LEFARD Victory 400мл фарфор,499,https://www.maxidom.ru/catalog/kruzhki/1001426370/
кружка LEFARD Empathy 400мл фарфор,499,https://www.maxidom.ru/catalog/kruzhki/1001426372/
кружка ATMOSPHERE Birds 350мл фарфор,428,https://www.maxidom.ru/catalog/kruzhki/1001426600/
"кружка LEFARD Поцелуй (Г. Климт) черный 400мл с ситечком стекло, фарфор",830,https://www.maxidom.ru/catalog/kruzhki/1001426619/
кружка DOMENIK Laguna 350мл керамика,239,https://www.maxidom.ru/catalog/kruzhki/1001440067/
кружка ОСЗ Аура Уника 300мл стекло,99,https://www.maxidom.ru/catalog/kruzhki/1001442435/
кружка ОСЗ Аура Модерна 300мл стекло,99,https://www.maxidom.ru/catalog/kruzhki/1001442434/
кружка Nobile 400мл керамика,239,https://www.maxidom.ru/catalog/kruzhki/1001441790/
кружка ОСЗ Аура 300мл стекло,99,https://www.maxidom.ru/catalog/kruzhki/1001442436/
кружка QUINSBERRY Panda 420мл фарфор,399,https://www.maxidom.ru/catalog/kruzhki/1001439274/
кружка ОСЗ Аура 300мл стекло,99,https://www.maxidom.ru/catalog/kruzhki/1001442436/
кружка ОСЗ Аура Уника 300мл стекло,99,https://www.maxidom.ru/catalog/kruzhki/1001442435/
кружка ОСЗ Аура Модерна 300мл стекло,99,https://www.maxidom.ru/catalog/kruzhki/1001442434/
кружка Nobile 400мл керамика,239,https://www.maxidom.ru/catalog/kruzhki/1001441790/
кружка DOMENIK Laguna 350мл керамика,239,https://www.maxidom.ru/catalog/kruzhki/1001440067/
кружка QUINSBERRY Panda 420мл фарфор,399,https://www.maxidom.ru/catalog/kruzhki/1001439274/
кружка QUINSBERRY Quokka 450мл фарфор,449,https://www.maxidom.ru/catalog/kruzhki/1001439272/
кружка WALMER Aero 270мл двойная стенка термостекло,549,https://www.maxidom.ru/catalog/kruzhki/1001435353/
кружка FIORETTA Berries 310мл фарфор,359,https://www.maxidom.ru/catalog/kruzhki/1001436889/
кружка PASABAHCE Chroma 370мл стекло,139,https://www.maxidom.ru/catalog/kruzhki/1001436859/
"кружка DOMENIK Wild Botanicals,, 320 мл, фарфор",549,https://www.maxidom.ru/catalog/kruzhki/1001264203/
кружка FIORETTA Allure 310мл фарфор,359,https://www.maxidom.ru/catalog/kruzhki/1001436890/
кружка ОСЗ Аура Модерна 300мл стекло,99,https://www.maxidom.ru/catalog/kruzhki/1001442434/
кружка ОСЗ Аура Уника 300мл стекло,99,https://www.maxidom.ru/catalog/kruzhki/1001442435/
кружка ОСЗ Аура 300мл стекло,99,https://www.maxidom.ru/catalog/kruzhki/1001442436/
кружка OSZ Грамине Сенс 300мл стекло,89,https://www.maxidom.ru/catalog/kruzhki/1001310640/
кружка FIORETTA Scandy Mint 355мл керамика,249,https://www.maxidom.ru/catalog/kruzhki/1001444871/
кружка FIORETTA Scandy Rose 355мл керамика,249,https://www.maxidom.ru/catalog/kruzhki/1001444902/
кружка WALMER Riverside 350мл фарфор,569,https://www.maxidom.ru/catalog/kruzhki/1001445180/
кружка WALMER Riverside 310мл двойная стенка термостекло,1 399,https://www.maxidom.ru/catalog/kruzhki/1001445172/
кружка MOST Наталья 300мл фарфор под.кор.,1 190,https://www.maxidom.ru/catalog/kruzhki/1001446373/
кружка MOST Пушкин 300мл фарфор под.кор.,1 190,https://www.maxidom.ru/catalog/kruzhki/1001446372/
кружка Триптих 300мл стекло,139,https://www.maxidom.ru/catalog/kruzhki/1001446371/
кружка MOST Пушкин и Наталья 300мл фарфор под.кор.,1 190,https://www.maxidom.ru/catalog/kruzhki/1001446374/
стакан TALLER Чериш 350мл двойная стенка термостекло,849,https://www.maxidom.ru/catalog/kruzhki/1001449038/
кружка MOST Пушкин 90мл фарфор,149,https://www.maxidom.ru/catalog/kruzhki/1001446376/
кружка MOST Пушкин-профиль 250мл фарфор под.кор.,899,https://www.maxidom.ru/catalog/kruzhki/1001446375/
кружка MOST Пушкин и Наталья 300мл фарфор под.кор.,1 190,https://www.maxidom.ru/catalog/kruzhki/1001446374/
кружка MOST Наталья 300мл фарфор под.кор.,1 190,https://www.maxidom.ru/catalog/kruzhki/1001446373/
кружка MOST Пушкин 300мл фарфор под.кор.,1 190,https://www.maxidom.ru/catalog/kruzhki/1001446372/
кружка Триптих 300мл стекло,139,https://www.maxidom.ru/catalog/kruzhki/1001446371/
кружка ФЕДЕРАЦИЯ Поэма 300мл фарфор,159,https://www.maxidom.ru/catalog/kruzhki/1001446370/
кружка MOST Мосты 300мл рельефная фарфор,399,https://www.maxidom.ru/catalog/kruzhki/1001446369/
кружка MOST Chelsea 250мл костяной фарфор,139,https://www.maxidom.ru/catalog/kruzhki/1001446335/
кружка MOST Конус 365мл костяной фарфор,449,https://www.maxidom.ru/catalog/kruzhki/1001446337/
кружка MOST Red handle 450мл костяной фарфор,169,https://www.maxidom.ru/catalog/kruzhki/1001446336/
кружка QWERTY Florino 360мл двойная стенка термостекло,999,https://www.maxidom.ru/catalog/kruzhki/1001436816/
кружка FIORETTA Springtime 310мл фарфор,359,https://www.maxidom.ru/catalog/kruzhki/1001436891/
кружка FIORETTA Allure 310мл фарфор,359,https://www.maxidom.ru/catalog/kruzhki/1001436890/
кружка FIORETTA Berries 310мл фарфор,359,https://www.maxidom.ru/catalog/kruzhki/1001436889/
кружка PASABAHCE Chroma 370мл стекло,139,https://www.maxidom.ru/catalog/kruzhki/1001436859/
"кружка DOMENIK Wild Botanicals,, 320 мл, фарфор",549,https://www.maxidom.ru/catalog/kruzhki/1001264203/
кружка WALMER Aero 270мл двойная стенка термостекло,549,https://www.maxidom.ru/catalog/kruzhki/1001435353/
кружка WALMER Stack 350мл двойная стенка термостекло,499,https://www.maxidom.ru/catalog/kruzhki/1001339878/
стакан LEONORD Aroma 200мл двойная стенка термостекло,469,https://www.maxidom.ru/catalog/kruzhki/1001433793/
кружка ФЕДЕРАЦИЯ Текст 350мл фарфор микс дизайна,275,https://www.maxidom.ru/catalog/kruzhki/1001427846/
кружка MOST Military 400мл фарфор,299,https://www.maxidom.ru/catalog/kruzhki/1001427845/
кружка Ситец 350мл фарфор микс дизайна,179,https://www.maxidom.ru/catalog/kruzhki/1001427843/
кружка APOLLO Genio Kisses Duco 415мл костяной фарфор,559,https://www.maxidom.ru/catalog/kruzhki/1001428332/
кружка APOLLO Genio Grafit Molto 600мл костяной фарфор,689,https://www.maxidom.ru/catalog/kruzhki/1001428331/
кружка APOLLO Genio Gatto Cono 370мл костяной фарфор,589,https://www.maxidom.ru/catalog/kruzhki/1001428330/
кружка APOLLO Genio Force Molto 600мл костяной фарфор,629,https://www.maxidom.ru/catalog/kruzhki/1001428329/
кружка APOLLO Genio Felis Molto 600мл костяной фарфор,739,https://www.maxidom.ru/catalog/kruzhki/1001428328/
кружка ФЕДЕРАЦИЯ Текст 350мл фарфор микс дизайна,275,https://www.maxidom.ru/catalog/kruzhki/1001427846/
кружка MOST Military 400мл фарфор,299,https://www.maxidom.ru/catalog/kruzhki/1001427845/
кружка Ситец 350мл фарфор микс дизайна,179,https://www.maxidom.ru/catalog/kruzhki/1001427843/
кружка ФЕДЕРАЦИЯ Glamour 500мл фарфор под.уп. микс дизайна,719,https://www.maxidom.ru/catalog/kruzhki/1001002769/
бокал WALMER Butterfly 350мл двойная стенка термостекло,1 299,https://www.maxidom.ru/catalog/kruzhki/1001427120/
кружка LEFARD Любовь моя 380мл фарфор,570,https://www.maxidom.ru/catalog/kruzhki/1001426630/
кружка LEFARD Бендер 380мл фарфор,570,https://www.maxidom.ru/catalog/kruzhki/1001426634/
кружка Ситец 350мл фарфор микс дизайна,179,https://www.maxidom.ru/catalog/kruzhki/1001427843/
кружка MOST Military 400мл фарфор,299,https://www.maxidom.ru/catalog/kruzhki/1001427845/
кружка ФЕДЕРАЦИЯ Текст 350мл фарфор микс дизайна,275,https://www.maxidom.ru/catalog/kruzhki/1001427846/
кружка APOLLO Genio Felis Molto 600мл костяной фарфор,739,https://www.maxidom.ru/catalog/kruzhki/1001428328/
кружка APOLLO Genio Force Molto 600мл костяной фарфор,629,https://www.maxidom.ru/catalog/kruzhki/1001428329/
кружка APOLLO Genio Gatto Cono 370мл костяной фарфор,589,https://www.maxidom.ru/catalog/kruzhki/1001428330/
кружка APOLLO Genio Grafit Molto 600мл костяной фарфор,689,https://www.maxidom.ru/catalog/kruzhki/1001428331/
кружка APOLLO Genio Kisses Duco 415мл костяной фарфор,559,https://www.maxidom.ru/catalog/kruzhki/1001428332/
кружка APOLLO Genio Palmira Duco 415мл костяной фарфор,589,https://www.maxidom.ru/catalog/kruzhki/1001428333/
кружка APOLLO Genio Persona Basalto 600мл костяной фарфор,689,https://www.maxidom.ru/catalog/kruzhki/1001428334/
кружка Fun 350мл керамика голубой,119,https://www.maxidom.ru/catalog/kruzhki/1001433824/
кружка LEONORD Aroma 300мл двойная стенка термостекло,599,https://www.maxidom.ru/catalog/kruzhki/1001432382/
кружка Гармония Божья коровка 300мл фарфор,249,https://www.maxidom.ru/catalog/kruzhki/1001433832/
кружка MOST Colorim 350мл фарфор синий,149,https://www.maxidom.ru/catalog/kruzhki/1001433831/
кружка MOST Colorim 350мл фарфор зеленый,149,https://www.maxidom.ru/catalog/kruzhki/1001433830/
кружка MOST Colorim 350мл фарфор голубой,149,https://www.maxidom.ru/catalog/kruzhki/1001433829/
кружка MOST Colorim 350мл фарфор оранжевый,149,https://www.maxidom.ru/catalog/kruzhki/1001433828/
кружка Fun 350мл керамика зеленый,119,https://www.maxidom.ru/catalog/kruzhki/1001433826/
кружка Fun 350мл керамика голубой,119,https://www.maxidom.ru/catalog/kruzhki/1001433824/
кружка LEONORD Aroma 300мл двойная стенка термостекло,599,https://www.maxidom.ru/catalog/kruzhki/1001432382/
кружка LEFARD Bianco marble 440мл фарфор,519,https://www.maxidom.ru/catalog/kruzhki/1001431717/
кружка LEFARD Bon appetit 440мл фарфор,519,https://www.maxidom.ru/catalog/kruzhki/1001431711/
кружка APOLLO Genio Colibri Duco 415мл костяной фарфор,589,https://www.maxidom.ru/catalog/kruzhki/1001428934/
кружка QUINSBERRY Золотой век Гоголь Н.В. 420мл костяной фарфор,539,https://www.maxidom.ru/catalog/kruzhki/1001429888/
кружка WALMER Floral 290мл двойная стенка термостекло,1 099,https://www.maxidom.ru/catalog/kruzhki/1001297532/
кружка ATTRIBUTE Latte 400мл двойная стенка термостекло,749,https://www.maxidom.ru/catalog/kruzhki/1001305818/
чашка с блюдцем WALMER Viscount Platinum 225мл двойная стенка термостекло,999,https://www.maxidom.ru/catalog/kruzhki/1001339877/
чашка с блюдцем WALMER Tet-a-Tet 250мл двойная стенка термостекло,1 599,https://www.maxidom.ru/catalog/kruzhki/1001376037/
бокал WALMER Beаr 280мл двойная стенка термостекло,1 039,https://www.maxidom.ru/catalog/kruzhki/1001376045/
бокал WALMER Cat1 280мл двойная стенка термостекло,1 039,https://www.maxidom.ru/catalog/kruzhki/1001376046/
кружка WALMER Ride 480мл двойная стенка термостекло,1 599,https://www.maxidom.ru/catalog/kruzhki/1001376048/
бокал WALMER Trip 350мл двойная стенка термостекло,1 299,https://www.maxidom.ru/catalog/kruzhki/1001376049/
кружка APOLLO Manso 350мл двойная стенка термостекло,899,https://www.maxidom.ru/catalog/kruzhki/1001378389/
кружка APOLLO Quiet 350мл двойная стенка термостекло,899,https://www.maxidom.ru/catalog/kruzhki/1001378390/
бокал BRIVERRE Skull 214мл двойная стенка термостекло,479,https://www.maxidom.ru/catalog/kruzhki/1001388437/
кружка PASABAHCE Safir 295мл стекло,131,https://www.maxidom.ru/catalog/kruzhki/1001407671/
кружка APOLLO Kitten 380мл фарфор,249,https://www.maxidom.ru/catalog/kruzhki/1001407939/
кружка APOLLO Genio Poli 485мл фарфор микс дизайна,349,https://www.maxidom.ru/catalog/kruzhki/1001407940/
кружка Айсберг волны 350мл фарфор,389,https://www.maxidom.ru/catalog/kruzhki/1001409400/
кружка Жизнь кошек 240мл фарфор,389,https://www.maxidom.ru/catalog/kruzhki/1001409403/
кружка DOMENIK Once Upon A Time 400мл фарфор,289,https://www.maxidom.ru/catalog/kruzhki/1001410522/
"кружка DOMENIK Caress Modern, 400 мл, фарфор",279,https://www.maxidom.ru/catalog/kruzhki/1001180593/
кружка BRONCO Midnight 330мл фарфор,690,https://www.maxidom.ru/catalog/kruzhki/1001411403/
кружка LUMINARC Утро 320мл стекло черная,279,https://www.maxidom.ru/catalog/kruzhki/1001412616/
кружка JINGTAO Enamel style 360мл фарфор в асс-те,299,https://www.maxidom.ru/catalog/kruzhki/1001414426/
кружка WALMER Lady-Cat 350мл термостекло,965,https://www.maxidom.ru/catalog/kruzhki/1001339880/
кружка QUINSBERRY Челси Мышата 500мл фарфор,749,https://www.maxidom.ru/catalog/kruzhki/1001415302/
кружка Ежик в тумане 420мл фарфор под.уп.,499,https://www.maxidom.ru/catalog/kruzhki/1001381787/
кружка APOLLO Terrazzo 390мл фарфор серо-песочный,265,https://www.maxidom.ru/catalog/kruzhki/1001415734/
кружка APOLLO Eclipse 410мл фарфор,265,https://www.maxidom.ru/catalog/kruzhki/1001415746/
кружка APOLLO Terrazzo 390мл фарфор серо-бирюзовый,265,https://www.maxidom.ru/catalog/kruzhki/1001415748/
кружка LEFARD Лучшие друзья 350мл на колесиках фарфор микс дизайна,940,https://www.maxidom.ru/catalog/kruzhki/1001415870/
кружка LUMINARC Нордик созвездия лондон топаз 380мл стекло,289,https://www.maxidom.ru/catalog/kruzhki/1001416357/
кружка LUMINARC Нордик созвездия 380мл стекло,239,https://www.maxidom.ru/catalog/kruzhki/1001416358/
кружка OSZ Глинтвейн лак 200мл стекло микс цвета,169,https://www.maxidom.ru/catalog/kruzhki/1001416359/
кружка OSZ Венеция 280мл стекло,95,https://www.maxidom.ru/catalog/kruzhki/1001280904/
кружка WALMER Puppy 350мл фарфор,1 069,https://www.maxidom.ru/catalog/kruzhki/1001416655/
кружка ДОБРУШ Тигр 400мл фарфор,239,https://www.maxidom.ru/catalog/kruzhki/1001416705/
кружка ФЕДЕРАЦИЯ Сила 430мл фарфор,239,https://www.maxidom.ru/catalog/kruzhki/1001416711/
кружка ФЕДЕРАЦИЯ Silver Tiger 450мл фарфор,329,https://www.maxidom.ru/catalog/kruzhki/1001416714/
кружка WALMER Wolf 480мл двойная стенка термостекло,999,https://www.maxidom.ru/catalog/kruzhki/1001416652/
кружка WALMER Tiger 480мл двойная стенка термостекло,999,https://www.maxidom.ru/catalog/kruzhki/1001416653/
кружка WALMER Lion 480мл двойная стенка термостекло,999,https://www.maxidom.ru/catalog/kruzhki/1001416654/
кружка FIORETTA Wood Blue 360мл керамика,199,https://www.maxidom.ru/catalog/kruzhki/1001311553/
кружка FIORETTA Wood Orange 360мл керамика,199,https://www.maxidom.ru/catalog/kruzhki/1001311554/
кружка FIORETTA Wood Green 360мл керамика,199,https://www.maxidom.ru/catalog/kruzhki/1001311555/
кружка LEFARD Полосатые коты 340мл фарфор микс дизайна,430,https://www.maxidom.ru/catalog/kruzhki/1001417517/
кружка APOLLO Glaze Pink 350мл фарфор,459,https://www.maxidom.ru/catalog/kruzhki/1001417976/
кружка LEFARD Majesty морская волна 350мл фарфор,580,https://www.maxidom.ru/catalog/kruzhki/1001418017/
кружка LEFARD Majesty серо-голубая 350мл фарфор,580,https://www.maxidom.ru/catalog/kruzhki/1001418018/
кружка LEFARD Majesty бордо 350мл фарфор,580,https://www.maxidom.ru/catalog/kruzhki/1001418019/
кружка LEFARD Majesty красная 350мл фарфор,580,https://www.maxidom.ru/catalog/kruzhki/1001418020/
кружка LEFARD Котомания 360мл фарфор,420,https://www.maxidom.ru/catalog/kruzhki/1001418031/
кружка LEFARD Котомания 360мл фарфор серая,420,https://www.maxidom.ru/catalog/kruzhki/1001418033/
"кружка OSZ XXXL, 400 мл, стекло",119,https://www.maxidom.ru/catalog/kruzhki/1001253729/
кружка APOLLO You can 335мл каменная керамика,289,https://www.maxidom.ru/catalog/kruzhki/1001378490/
кружка APOLLO You can 525мл каменная керамика,379,https://www.maxidom.ru/catalog/kruzhki/1001378491/
кружка MOST Mooncat 90мл фарфор,169,https://www.maxidom.ru/catalog/kruzhki/1001419394/
кружка MOST Watercolor 540мл фарфор,359,https://www.maxidom.ru/catalog/kruzhki/1001419396/
кружка MOST Balloon 200мл фарфор,215,https://www.maxidom.ru/catalog/kruzhki/1001419397/
кружка MOST Traveler 200мл фарфор,215,https://www.maxidom.ru/catalog/kruzhki/1001419398/
кружка MOST Акварель 400мл фарфор под.уп.,299,https://www.maxidom.ru/catalog/kruzhki/1001419399/
кружка Owlet 420мл фарфор,459,https://www.maxidom.ru/catalog/kruzhki/1001379556/
кружка LUMINARC Эссенс 320мл стекло,249,https://www.maxidom.ru/catalog/kruzhki/1001419958/
кружка Jasper 400мл фарфор,409,https://www.maxidom.ru/catalog/kruzhki/1001420075/
кружка Goose 420мл фарфор,529,https://www.maxidom.ru/catalog/kruzhki/1001420080/
кружка MOST Puzle 400мл фарфор под.уп.,659,https://www.maxidom.ru/catalog/kruzhki/1001420394/
кружка MOST B&W 350мл фарфор микс дизайна,205,https://www.maxidom.ru/catalog/kruzhki/1001420738/
кружка NUOVA CASA Elite pink 350мл фарфор,299,https://www.maxidom.ru/catalog/kruzhki/1001325950/
кружка ФЕДЕРАЦИЯ Жираф 430мл фарфор,219,https://www.maxidom.ru/catalog/kruzhki/1001422016/
кружка ФЕДЕРАЦИЯ Зебра 430мл фарфор,219,https://www.maxidom.ru/catalog/kruzhki/1001422017/
кружка ФЕДЕРАЦИЯ Ежик 300мл фарфор,189,https://www.maxidom.ru/catalog/kruzhki/1001422027/
кружка ФЕДЕРАЦИЯ Заяц 300мл фарфор,189,https://www.maxidom.ru/catalog/kruzhki/1001422028/
кружка LEFARD Лесная сказка Сова 450мл фарфор,750,https://www.maxidom.ru/catalog/kruzhki/1001422054/
кружка LEFARD Лесная сказка Белка 450мл фарфор,750,https://www.maxidom.ru/catalog/kruzhki/1001422056/
кружка LEFARD Прованс лимоны 350мл фарфор,630,https://www.maxidom.ru/catalog/kruzhki/1001422084/
кружка CMIELOW Ивона Шиповник 300мл фарфор,1 500,https://www.maxidom.ru/catalog/kruzhki/1001423240/
кружка WALMER Tracy 380мл керамика белая,455,https://www.maxidom.ru/catalog/kruzhki/1001423710/
кружка WALMER Tracy 380мл керамика бежевая,455,https://www.maxidom.ru/catalog/kruzhki/1001423715/
кружка ATMOSPHERE Лондон 450мл фарфор,454,https://www.maxidom.ru/catalog/kruzhki/1000976066/
кружка ATMOSPHERE Black & White 350мл керамика микс дизайна,272,https://www.maxidom.ru/catalog/kruzhki/1001424220/
кружка LEFARD Блоссом 400мл фарфор,590,https://www.maxidom.ru/catalog/kruzhki/1001309089/
кружка LEFARD Стрекоза 400мл фарфор,590,https://www.maxidom.ru/catalog/kruzhki/1001309093/
кружка LEFARD Funny friends Скучно 480мл фарфор,740,https://www.maxidom.ru/catalog/kruzhki/1001425207/
кружка LEFARD Funny friends Мое сердце 480мл фарфор,740,https://www.maxidom.ru/catalog/kruzhki/1001425208/
кружка LEFARD Funny friends Пора проснуться 480мл фарфор,740,https://www.maxidom.ru/catalog/kruzhki/1001425209/
кружка LEFARD Времена года серая 300мл фарфор,690,https://www.maxidom.ru/catalog/kruzhki/1001425212/
кружка LEFARD Времена года фиолетовая 300мл фарфор,690,https://www.maxidom.ru/catalog/kruzhki/1001425213/
кружка LEFARD Времена года мятная 300мл фарфор,690,https://www.maxidom.ru/catalog/kruzhki/1001425214/
кружка LEFARD Времена года розовая 300мл фарфор,690,https://www.maxidom.ru/catalog/kruzhki/1001425215/
кружка LEFARD Стрекоза 470мл фарфор,750,https://www.maxidom.ru/catalog/kruzhki/1001425216/
кружка LEFARD Блоссом 470мл фарфор,750,https://www.maxidom.ru/catalog/kruzhki/1001425217/
кружка LEFARD Летний вечер 470мл фарфор,750,https://www.maxidom.ru/catalog/kruzhki/1001425218/
"кружка FIORETTA Golden Queen, 380 мл, фарфор",279,https://www.maxidom.ru/catalog/kruzhki/1001255187/
кружка Зара 450мл фарфор,379,https://www.maxidom.ru/catalog/kruzhki/1001425516/
кружка LEFARD Дарья 350мл фарфор,339,https://www.maxidom.ru/catalog/kruzhki/1001425554/
кружка LEFARD Иван 500мл фарфор,565,https://www.maxidom.ru/catalog/kruzhki/1001425572/
кружка LEFARD Евгений 500мл фарфор,565,https://www.maxidom.ru/catalog/kruzhki/1001425576/
кружка LEFARD Влюбленные под зонтом 340мл фарфор,299,https://www.maxidom.ru/catalog/kruzhki/1001425582/
кружка LEFARD Влюбленная такса 400мл фарфор,399,https://www.maxidom.ru/catalog/kruzhki/1001425583/
кружка LEFARD Две половинки 320мл фарфор,399,https://www.maxidom.ru/catalog/kruzhki/1001425584/
кружка LEFARD Котомания Cute cat 400мл фарфор,590,https://www.maxidom.ru/catalog/kruzhki/1001425649/
кружка Summertime 380мл фарфор,249,https://www.maxidom.ru/catalog/kruzhki/1001426088/
кружка I love coffee 370мл фарфор микс цвета,249,https://www.maxidom.ru/catalog/kruzhki/1001426089/
кружка LEFARD Cчастье есть Жизнь прекрасна 300мл фарфор,630,https://www.maxidom.ru/catalog/kruzhki/1001426111/
"кружка, 1000 мл, сталь",350,https://www.maxidom.ru/catalog/kruzhki/1001199918/
кружка LEFARD Кот 350мл фарфор,499,https://www.maxidom.ru/catalog/kruzhki/1001426357/
кружка LEFARD Cмайл-1 380мл фарфор,350,https://www.maxidom.ru/catalog/kruzhki/1001426361/
кружка LEFARD Cмайл 380мл фарфор,350,https://www.maxidom.ru/catalog/kruzhki/1001426362/
кружка LEFARD Patience 400мл фарфор,499,https://www.maxidom.ru/catalog/kruzhki/1001426369/
кружка LEFARD Victory 400мл фарфор,499,https://www.maxidom.ru/catalog/kruzhki/1001426370/
кружка LEFARD Empathy 400мл фарфор,499,https://www.maxidom.ru/catalog/kruzhki/1001426372/
кружка ATMOSPHERE Birds 350мл фарфор,428,https://www.maxidom.ru/catalog/kruzhki/1001426600/
"кружка LEFARD Поцелуй (Г. Климт) черный 400мл с ситечком стекло, фарфор",830,https://www.maxidom.ru/catalog/kruzhki/1001426619/
кружка LEFARD Русское поле 420мл фарфор,580,https://www.maxidom.ru/catalog/kruzhki/1001426627/
кружка LEFARD Русское поле 380мл фарфор,570,https://www.maxidom.ru/catalog/kruzhki/1001426628/
кружка LEFARD Любовь моя 420мл фарфор,580,https://www.maxidom.ru/catalog/kruzhki/1001426629/
кружка LEFARD Любовь моя 380мл фарфор,570,https://www.maxidom.ru/catalog/kruzhki/1001426630/
кружка LEFARD Бендер 420мл фарфор,580,https://www.maxidom.ru/catalog/kruzhki/1001426633/
кружка LEFARD Бендер 380мл фарфор,570,https://www.maxidom.ru/catalog/kruzhki/1001426634/
кружка LEFARD Шагал 380мл фарфор,570,https://www.maxidom.ru/catalog/kruzhki/1001426636/
кружка LEFARD Городской романс 420мл фарфор,580,https://www.maxidom.ru/catalog/kruzhki/1001426637/
кружка LEFARD Городской романс 380мл фарфор,570,https://www.maxidom.ru/catalog/kruzhki/1001426638/
кружка LEFARD Рыболов 420мл фарфор,580,https://www.maxidom.ru/catalog/kruzhki/1001426639/
"кружка LEFARD Счастье там, где ты 420мл фарфор",580,https://www.maxidom.ru/catalog/kruzhki/1001426640/
кружка LEFARD Рыбаки 420мл фарфор,580,https://www.maxidom.ru/catalog/kruzhki/1001426641/
кружка LEFARD Времена года зеленая 400мл фарфор,499,https://www.maxidom.ru/catalog/kruzhki/1001426665/
бокал WALMER Butterfly 350мл двойная стенка термостекло,1 299,https://www.maxidom.ru/catalog/kruzhki/1001427120/
кружка ФЕДЕРАЦИЯ Glamour 500мл фарфор под.уп. микс дизайна,719,https://www.maxidom.ru/catalog/kruzhki/1001002769/
кружка Ситец 350мл фарфор микс дизайна,179,https://www.maxidom.ru/catalog/kruzhki/1001427843/
кружка MOST Military 400мл фарфор,299,https://www.maxidom.ru/catalog/kruzhki/1001427845/
кружка ФЕДЕРАЦИЯ Текст 350мл фарфор микс дизайна,275,https://www.maxidom.ru/catalog/kruzhki/1001427846/
кружка APOLLO Genio Felis Molto 600мл костяной фарфор,739,https://www.maxidom.ru/catalog/kruzhki/1001428328/
кружка APOLLO Genio Force Molto 600мл костяной фарфор,629,https://www.maxidom.ru/catalog/kruzhki/1001428329/
кружка APOLLO Genio Gatto Cono 370мл костяной фарфор,589,https://www.maxidom.ru/catalog/kruzhki/1001428330/
кружка APOLLO Genio Grafit Molto 600мл костяной фарфор,689,https://www.maxidom.ru/catalog/kruzhki/1001428331/
кружка APOLLO Genio Kisses Duco 415мл костяной фарфор,559,https://www.maxidom.ru/catalog/kruzhki/1001428332/
кружка APOLLO Genio Palmira Duco 415мл костяной фарфор,589,https://www.maxidom.ru/catalog/kruzhki/1001428333/
кружка APOLLO Genio Persona Basalto 600мл костяной фарфор,689,https://www.maxidom.ru/catalog/kruzhki/1001428334/
кружка LUMINARC Нордик 380мл стекло,215,https://www.maxidom.ru/catalog/kruzhki/1001428336/
кружка LUMINARC Фитнес 250мл стекло,109,https://www.maxidom.ru/catalog/kruzhki/1001428337/
кружка LEFARD Белый цветок 340мл фарфор голубая,750,https://www.maxidom.ru/catalog/kruzhki/1001428356/
кружка Ocean 430мл керамика,499,https://www.maxidom.ru/catalog/kruzhki/1001428374/
кружка APOLLO Genio Colibri Duco 415мл костяной фарфор,589,https://www.maxidom.ru/catalog/kruzhki/1001428934/
кружка MOST Rhythm 350мл фарфор,229,https://www.maxidom.ru/catalog/kruzhki/1001429489/
кружка QUINSBERRY Золотой век Гоголь Н.В. 420мл костяной фарфор,539,https://www.maxidom.ru/catalog/kruzhki/1001429888/
кружка QUINSBERRY Золотой век Пушкин А.С. 420мл костяной фарфор,539,https://www.maxidom.ru/catalog/kruzhki/1001429891/
кружка QUINSBERRY Золотой век Лермонтов М.Ю. 420мл костяной фарфор,539,https://www.maxidom.ru/catalog/kruzhki/1001429896/
кружка QUINSBERRY Балет 420мл костяной фарфор,539,https://www.maxidom.ru/catalog/kruzhki/1001429903/
кружка AGNESS Double-wall 200мл двойная стенка стекло,750,https://www.maxidom.ru/catalog/kruzhki/1001429857/
кружка APOLLO Colibri 450мл двойная стенка термостекло,1 090,https://www.maxidom.ru/catalog/kruzhki/1001430956/
стакан APOLLO Warm 350мл двойная стенка с силиконовой крышкой термостекло,589,https://www.maxidom.ru/catalog/kruzhki/1001430957/
кружка LEFARD Parfum de fleur 440мл фарфор,519,https://www.maxidom.ru/catalog/kruzhki/1001431706/
кружка LEFARD Bon appetit 440мл фарфор,519,https://www.maxidom.ru/catalog/kruzhki/1001431711/
кружка LEFARD Bianco marble 440мл фарфор,519,https://www.maxidom.ru/catalog/kruzhki/1001431717/
кружка LEONORD Aroma 300мл двойная стенка термостекло,599,https://www.maxidom.ru/catalog/kruzhki/1001432382/
кружка Fun 350мл керамика голубой,119,https://www.maxidom.ru/catalog/kruzhki/1001433824/
кружка Fun 350мл керамика зеленый,119,https://www.maxidom.ru/catalog/kruzhki/1001433826/
кружка MOST Colorim 350мл фарфор оранжевый,149,https://www.maxidom.ru/catalog/kruzhki/1001433828/
кружка MOST Colorim 350мл фарфор голубой,149,https://www.maxidom.ru/catalog/kruzhki/1001433829/
кружка MOST Colorim 350мл фарфор зеленый,149,https://www.maxidom.ru/catalog/kruzhki/1001433830/
кружка MOST Colorim 350мл фарфор синий,149,https://www.maxidom.ru/catalog/kruzhki/1001433831/
кружка Гармония Божья коровка 300мл фарфор,249,https://www.maxidom.ru/catalog/kruzhki/1001433832/
кружка Гармония Пчелка 300мл фарфор,249,https://www.maxidom.ru/catalog/kruzhki/1001433833/
бокал MALLONY Romeo 300мл двойная стенка термостекло,469,https://www.maxidom.ru/catalog/kruzhki/1001433791/
стакан LEONORD Aroma 200мл двойная стенка термостекло,469,https://www.maxidom.ru/catalog/kruzhki/1001433793/
кружка WALMER Stack 350мл двойная стенка термостекло,499,https://www.maxidom.ru/catalog/kruzhki/1001339878/
кружка WALMER Aero 270мл двойная стенка термостекло,549,https://www.maxidom.ru/catalog/kruzhki/1001435353/
"кружка DOMENIK Wild Botanicals,, 320 мл, фарфор",549,https://www.maxidom.ru/catalog/kruzhki/1001264203/
кружка PASABAHCE Chroma 370мл стекло,139,https://www.maxidom.ru/catalog/kruzhki/1001436859/
кружка FIORETTA Berries 310мл фарфор,359,https://www.maxidom.ru/catalog/kruzhki/1001436889/
кружка FIORETTA Allure 310мл фарфор,359,https://www.maxidom.ru/catalog/kruzhki/1001436890/
кружка FIORETTA Springtime 310мл фарфор,359,https://www.maxidom.ru/catalog/kruzhki/1001436891/
кружка QWERTY Florino 360мл двойная стенка термостекло,999,https://www.maxidom.ru/catalog/kruzhki/1001436816/
бокал QWERTY Birra 500мл пиво двойная стенка термостекло,999,https://www.maxidom.ru/catalog/kruzhki/1001436819/
бокал QWERTY Tulip 300мл вино двойная стенка стекло,1 299,https://www.maxidom.ru/catalog/kruzhki/1001436820/
кружка QUINSBERRY Koala 450мл фарфор,449,https://www.maxidom.ru/catalog/kruzhki/1001439270/
кружка QUINSBERRY Llama 450мл фарфор,449,https://www.maxidom.ru/catalog/kruzhki/1001439271/
кружка QUINSBERRY Quokka 450мл фарфор,449,https://www.maxidom.ru/catalog/kruzhki/1001439272/
кружка QUINSBERRY Panda 420мл фарфор,399,https://www.maxidom.ru/catalog/kruzhki/1001439274/
кружка DOMENIK Laguna 350мл керамика,239,https://www.maxidom.ru/catalog/kruzhki/1001440067/
кружка Nobile 400мл керамика,239,https://www.maxidom.ru/catalog/kruzhki/1001441790/
кружка ОСЗ Аура Модерна 300мл стекло,99,https://www.maxidom.ru/catalog/kruzhki/1001442434/
кружка ОСЗ Аура Уника 300мл стекло,99,https://www.maxidom.ru/catalog/kruzhki/1001442435/
кружка ОСЗ Аура 300мл стекло,99,https://www.maxidom.ru/catalog/kruzhki/1001442436/
кружка OSZ Грамине Сенс 300мл стекло,89,https://www.maxidom.ru/catalog/kruzhki/1001310640/
кружка FIORETTA Scandy Mint 355мл керамика,249,https://www.maxidom.ru/catalog/kruzhki/1001444871/
кружка FIORETTA Scandy Rose 355мл керамика,249,https://www.maxidom.ru/catalog/kruzhki/1001444902/
кружка WALMER Riverside 350мл фарфор,569,https://www.maxidom.ru/catalog/kruzhki/1001445180/
кружка WALMER Riverside 310мл двойная стенка термостекло,1 399,https://www.maxidom.ru/catalog/kruzhki/1001445172/
бокал WALMER Riverside 300мл двойная стенка термостекло,1 099,https://www.maxidom.ru/catalog/kruzhki/1001445173/
кружка GRAND OPULENT Пушкин 300мл рельефная фарфор,399,https://www.maxidom.ru/catalog/kruzhki/1001105299/
кружка MOST Bamboo 380мл костяной фарфор,169,https://www.maxidom.ru/catalog/kruzhki/1001446334/
кружка MOST Chelsea 250мл костяной фарфор,139,https://www.maxidom.ru/catalog/kruzhki/1001446335/
кружка MOST Red handle 450мл костяной фарфор,169,https://www.maxidom.ru/catalog/kruzhki/1001446336/
кружка MOST Конус 365мл костяной фарфор,449,https://www.maxidom.ru/catalog/kruzhki/1001446337/
кружка MOST Трапеция 250мл костяной фарфор,489,https://www.maxidom.ru/catalog/kruzhki/1001446338/
чашка с блюдцем MOST Волна 250мл костяной фарфор,849,https://www.maxidom.ru/catalog/kruzhki/1001446340/
чашка с блюдцем MOST Угол 250мл костяной фарфор,779,https://www.maxidom.ru/catalog/kruzhki/1001446341/
чашка с блюдцем MOST 240мл костяной фарфор,779,https://www.maxidom.ru/catalog/kruzhki/1001446343/
кружка MOST Nuovo зеленая 350мл фарфор,179,https://www.maxidom.ru/catalog/kruzhki/1001446344/
кружка MOST Санкт-Петербург 90мл фарфор микс дизайна,149,https://www.maxidom.ru/catalog/kruzhki/1001446367/
кружка MOST Медный всадник 300мл рельефная фарфор,399,https://www.maxidom.ru/catalog/kruzhki/1001446368/
кружка MOST Мосты 300мл рельефная фарфор,399,https://www.maxidom.ru/catalog/kruzhki/1001446369/
кружка ФЕДЕРАЦИЯ Поэма 300мл фарфор,159,https://www.maxidom.ru/catalog/kruzhki/1001446370/
кружка Триптих 300мл стекло,139,https://www.maxidom.ru/catalog/kruzhki/1001446371/
кружка MOST Пушкин 300мл фарфор под.кор.,1 190,https://www.maxidom.ru/catalog/kruzhki/1001446372/
кружка MOST Наталья 300мл фарфор под.кор.,1 190,https://www.maxidom.ru/catalog/kruzhki/1001446373/
кружка MOST Пушкин и Наталья 300мл фарфор под.кор.,1 190,https://www.maxidom.ru/catalog/kruzhki/1001446374/
кружка MOST Пушкин-профиль 250мл фарфор под.кор.,899,https://www.maxidom.ru/catalog/kruzhki/1001446375/
кружка MOST Пушкин 90мл фарфор,149,https://www.maxidom.ru/catalog/kruzhki/1001446376/
стакан TALLER Чериш 350мл двойная стенка термостекло,849,https://www.maxidom.ru/catalog/kruzhki/1001449038/
кружка ДОБРУШ Форест 350мл фарфор,289,https://www.maxidom.ru/catalog/kruzhki/1001449950/
кружка WALMER Butterfly 350мл двойная стенка термостекло,1 399,https://www.maxidom.ru/catalog/kruzhki/1001449943/
кружка WALMER Kronos 400мл двойная стенка термостекло,1 299,https://www.maxidom.ru/catalog/kruzhki/1001449944/
